id,title,type,source,description,status,categories,mime,slug,page_url,user_id,author_display_name,number_of_downloads,views,tags
3281,"File single remote",file,http://cminds.com/wp-content/uploads/cmdm/3281/1412953161_image.JPG,"<p>Some text</p>",publish,Images,image/jpeg,file-single-remote,http://local.cm.brainusers.net/cmdownloads/file-single-remote/,1,Admin,1,9
3286,"File multiple remote",file,"[""http:\/\/cminds.com\/wp-content\/uploads\/cmdm\/3286\/1412953200_image.JPG"",""http:\/\/cminds.com\/wp-content\/uploads\/cmdm\/3286\/1412953200_another.jpg""]","<p>Some text</p>",publish,"Images, Widescreen",application/zip,file-multiple-remote,http://local.cm.brainusers.net/cmdownloads/file-multiple-remote/,1,Admin,2,8
3290,"File single local",file,/home/cminds/wp-content/uploads/cmdm/3290/1412953223_Artur.jpg,<p>Picture</p>,publish,Web,image/jpeg,file-single-local,http://local.cm.brainusers.net/cmdownloads/file-single-local/,1,Admin,3,7
3296,"File multiple local",file,"[""\/home\/cminds\/wp-content\/uploads\/cmdm\/3296\/1412953251_gdansk-blog.JPG"",""\/home\/cminds\/wp-content\/uploads\/cmdm\/3296\/1412953251_gdansk_panorama.jpg""]","<p>Set of pictures</p>",publish,"Web, SEO",application/zip,file-multiple-local,http://local.cm.brainusers.net/cmdownloads/file-multiple-local/,1,Admin,4,6
3299,"URL single",url,http://cminds.com/wp-content/uploads/cma_attachments/1406287584263_window.jpg,"<p>Link to picture</p>",publish,General,application/octet-stream,url-single,http://local.cm.brainusers.net/cmdownloads/url-single/,1,Admin,5,5
3301,"URL multiple",url,"[""http:\/\/cminds.com\/wp-content\/uploads\/cma_attachments\/1406287584263_window.jpg"",""http:\/\/cminds.com\/wp-content\/uploads\/cma_attachments\/1396701624_picture.jpg""]","<p>Many pictures</p>",publish,"General, Web",application/octet-stream,url-multiple,http://local.cm.brainusers.net/cmdownloads/url-multiple/,1,Admin,6,4
3303,Shortcode,shortcode,[cma-index],"<p>That's a shortcode</p>",draft,"Music, Shortcodes",application/octet-stream,shortcode,http://local.cm.brainusers.net/cmdownloads/shortcode/,1,Admin,7,3
